ID,TARGET_1,TARGET_2,TARGET_3,TARGET_4
1,-6.124385981520396,-4.329536623755997,7.4554816199926055,-4.94500734019549
2,-5.946707867664808,-3.610461475759218,-37.67555148841763,16.00417049354406
3,-1.937551559823842,-3.1575720055688525,-3.0809469274023416,8.149322484811641
4,-10.339304186291317,-4.354214682106166,-28.955052823209158,9.975066060274433
5,6.3543967832100225,-21.244394466896214,-15.039779227534472,35.59447458986885
6,5.096069745279056,6.04478063864743,5.471458207697149,-6.630908295401384
7,-0.6213748195474527,15.930833529668583,-29.35875547843562,28.406368171310852
8,1.8362764729549141,5.818165091141781,6.376262894547079,-9.82998763790418
9,13.32640364376884,-13.01579969176904,17.13222119954677,-20.86372134793561
10,-0.425229833366911,-3.5448816600996995,-0.4100255671686083,-8.511176027051373
11,-11.446994592023852,17.653341845612204,9.964093664821585,-25.73019409346947
12,-4.919058892364544,-3.747300051937773,21.647254788918964,-14.443801123246468
13,-1.504138875215938,2.648162872382156,15.772684544595672,-9.649567634836432
14,3.3459939418654043,5.337550760726057,7.417832366630519,-3.0481334918097924
15,0.7839807055046417,-4.156173453934286,-11.870966138115174,3.207084637371503
16,-8.813345704652924,3.3887305767043894,12.17137853677229,-21.433985493617083
17,-22.779417706769987,3.870217304728059,-27.49500556566381,14.502092197660415
18,4.095098476469977,8.116050339679644,9.130588309489104,-4.337575813251698
19,7.728231896478624,11.092677565295284,-9.570165867996868,15.964975850434728
20,-13.787322463686627,6.625417670934465,14.746844051041316,-19.076679606776743
21,11.421280594475974,25.717579287435235,-19.341147682108097,31.353931597838468
22,-2.343180990078265,4.882965710618225,5.473458074145904,-7.746096124551467
23,12.540179859100746,4.4852168234540715,14.998860203725332,-12.351238526705018
24,-10.61498678884189,1.4371353347930342,-32.187945041558024,6.636119344040991
25,-18.606366770852055,-3.405227842613266,19.599921732993465,-21.272821181307993
26,13.161102847250122,-6.243464459864582,-33.74617743032877,24.543877137307984
27,13.044388340391714,1.0765529457330447,13.510068704239293,-13.31955666821351
28,-5.2534468990309104,7.157877590442297,3.1029294772035905,0.010878116528291015
29,-9.03533546221963,8.538034538793555,11.539360928998034,-25.762613696750755
30,-30.983835310724015,6.753165903146508,-39.479816985861135,15.887830955139833
31,-13.787875910952447,-7.621803501003169,27.27201122553847,-8.130869690741626
32,10.25971136019921,-4.02878761951739,-32.289060898173595,23.666541397258133
33,-7.594975514184251,-1.996075423320129,-6.262453397540032,9.138767754939263
34,-5.774010042367303,7.938123906916015,-25.749958844377492,24.930193856907213
35,6.484206601999761,-6.454221284088968,-15.08908090752551,43.374502758392275
36,19.705824715238276,-1.6340434359841751,15.419585947559108,-24.310416519881155
37,2.973666069642072,-6.935183241425395,8.313813225800697,-5.815274798963912
38,7.451008488865299,-20.33464849268071,-19.156812261441157,36.25931276022204
39,16.295260514119718,-4.162601124369774,-34.40198702483891,16.358715354214056
40,14.302042319327507,7.706406674419872,-25.681455369940288,20.30366026450325
41,-16.504735838165644,-0.2587654180181906,-20.607110643683484,24.425763245331225
42,16.948752976730308,-1.5568141061857341,14.903133181000944,-20.573826744028352
43,9.61197971116658,6.711771430815256,13.922308794081298,-24.881515199712577
44,-20.096089656535828,0.09745800705156495,-23.48028317487183,26.111673892410053
45,10.227488295762683,14.839431506273554,-20.563966973602927,20.085324521398046
46,8.92403543338899,11.322946625824063,-36.20094913692936,23.453353161890956
47,10.667866592462447,0.1496520034298273,10.579786824358004,-16.28873117277528
48,21.33006408889983,1.0821160446425862,-34.28973873797477,21.404554436372194
49,-0.0781612568315721,12.611725114841395,1.9825049745777679,-32.030590138421125
50,-14.646708705960116,6.831779865608515,-25.17610750516948,9.941853673134473
51,2.1377495729817677,-24.37332640697825,-13.029347579085204,34.783072578753476
52,-30.772571725834432,0.5967832399281608,-27.196894267982522,34.50519364200297
53,-1.4018162469967492,-24.24700655188063,28.57325417783899,-13.02541428006777
54,-11.243098665642927,20.669258020162808,-33.7914684757491,16.65390987526927
55,2.3822524689176077,-2.4779697705694588,4.951612820421647,-9.107152420745479
56,-9.742713140385131,15.216404975769521,-33.85291894562136,16.557094191377686
57,25.48426736762601,-5.928808976669522,-28.66542693477504,28.23078945991641
58,8.28566647545569,2.3700858129653852,13.878869022063624,-18.469268528196523
59,6.905990925131341,-26.161695430576323,-26.55357975592728,26.92058419832655
60,-10.52133467299669,23.726846752594042,-38.02579508700021,13.387707289235122
61,-18.76533846044825,2.6609978621811634,-26.02637448246416,8.432852209743986
62,-6.023161086101302,15.447449364893957,8.188134085547256,-27.009713573468215
63,22.068254969257506,-0.6126277595125399,11.446075344237872,-30.481836164890783
64,3.336732521230337,1.2977472819754112,9.443560496609253,-29.553145275033586
65,-16.312156561893023,6.0852459772085545,21.947088736116825,-14.767102158451308
66,2.1669281318064737,5.6848776497743545,11.659497534011724,-27.10760109491886
67,-26.576682079454216,2.7563427961047116,-32.09110256205207,22.167156926511165
68,17.653166134624374,-1.0980055250513456,13.0215801996418,-24.42584766719777
69,-24.994208085224308,7.566013009316923,-29.12635870694886,16.015573742436615
70,-5.2848939481346635,10.037919977787544,12.227212138192874,-22.47576926409065
71,-12.036636125971045,2.6034477381611882,16.627697297307847,-14.484414726810323
72,-4.85862307836105,-2.356006554378456,-3.8187826012563453,-10.166150305071575
73,-6.1886052228279365,0.6116459307837283,-7.366004137269781,14.30048977148831
74,18.487099406519295,-2.9457606849527393,13.409768292080265,-31.491290496840634
75,25.226036980750855,13.483912302955993,-28.854341081664725,27.76558143856357
76,2.115555231014573,14.313103458939883,-4.1184978402093355,14.472063106471419
77,2.3748031115693924,-1.6635326974911067,17.782033075272235,-14.609748506711995
78,-5.180455376660859,2.645864409333955,-10.911309904856907,25.426911459189117
79,-7.48006693985037,-0.5270872586793335,-4.448263334787646,22.026321469994386
80,7.7262543620923685,8.420891903720804,13.859718467414716,-25.21901831876422
81,19.65003017524578,-5.696538321210036,14.068273310705417,-23.99703224597456
82,4.695019129825105,-0.8500586088230777,-41.618972511753924,12.315395972384525
83,-6.989456151801839,-4.398601253685925,23.991098150207783,-7.047474172966167
84,-14.175479569094353,0.509198798090698,-12.214224105717584,27.524096978233572
85,8.784093745828534,9.133811059740166,12.28804078213421,-12.316864250969548
86,6.090877174037112,-1.6095615609815686,10.156462310378052,-12.079092081440487
87,-4.465167419504312,-7.732555971552134,-8.511450563099151,17.359026892357022
88,0.8190957948137915,29.552100310600103,-21.592363654195665,35.464013241107324
89,7.089696726045555,8.88238554120456,9.791987350049515,-8.19776732265933
90,-27.742407420224747,-0.09598955870434311,-35.174002640778916,20.872359837709627
91,15.585485184460547,-8.84597689751298,5.359727257136779,-30.05882743087272
92,-5.723675372779133,-2.495761832000768,-4.376832064695509,19.367770908096386
93,-5.786830540624835,0.40161716064630215,13.842086031544184,-12.86613136064969
94,-21.658306979799804,-6.509579774723558,-20.438776657193305,26.050668013927723
95,-11.885234147104958,9.838898180922033,13.073981793599923,-16.554415780525524
96,-3.9259749659787277,-2.962255598387995,4.301706516999735,-8.0702641983489
97,-2.444281809542169,-8.956344031640054,9.582288654263888,-6.808128299165321
98,3.222629830098205,-1.3801611884795317,11.605161007088983,3.1362554062498367
99,1.6601753743970002,1.0489822570951572,-0.9838567129414786,-1.879604691558716
100,16.470458090868643,-15.794451977089402,20.717552151912095,-21.858396810467358
101,-5.336851645058395,-2.0114764634244446,0.2146819443885951,-7.183600015747582
102,7.6305502943218455,5.06086597590405,-13.095191133032598,17.587292272353935
103,9.905558944744323,-1.0315668543190775,-16.33929520341806,2.0186008592558946
104,8.13208201489389,0.6986298514081755,5.642324458720447,-5.506933940107972
105,10.721350950916541,-16.580462425154106,18.462270124372363,-22.063186997425046
106,15.270441864846052,0.3936409665838057,-16.7133640443565,30.672094635752472
107,21.4785515138301,-8.598500183991552,-23.661364540150142,25.729100214510403
108,14.301899845436763,3.156508332690568,-19.738062294409833,21.567511006822034
109,23.575749853978408,-5.70863204971127,-25.175722428097618,21.01643749171497
110,17.511058212558275,15.338037526493974,-24.367337217095972,26.11773693036887
111,4.223981917693697,8.011311999248264,-1.8909420551289264,25.00350921735692
112,19.076468313970235,5.462258362023838,-23.90559640884215,21.103904207272
113,-28.169690412851843,8.41745640104035,-22.96209619653492,38.66570723305308
114,29.799183863574388,-11.589785138928493,-25.499934091146603,28.466641169064193
115,20.629237251643886,-7.206510688782132,12.473026049438394,-27.199412525266386
116,0.7709476550139873,-3.924490611319391,18.195286565852186,-5.609745400718335
117,-3.1535240770842687,-25.66904404821022,-11.783767302411503,21.537226469893273
118,-21.04783901842331,-15.365470259013296,-23.001082817827758,36.61232576628833
119,3.4706352511777325,-23.298900163938917,-37.1417347102067,22.04285296387031
120,-1.1108988581848493,21.593551427936156,-41.282458342625674,12.261773048874666
121,8.252538922718195,-26.53597930809274,-22.517154548444147,30.391305087221138
122,8.718482949090165,10.251318644517298,-34.22759281147677,14.626410270220083
123,1.3715738723427844,5.986141021158041,2.272340995414353,-4.34957976349138
124,-12.371069798778137,11.909039530675201,12.016336580901829,-26.842524721483244
125,-9.480351238296766,-13.56529779420154,-12.607174027517575,43.225605738879224
126,-3.374701144527941,4.25568963417764,10.42847487532737,-26.02386507763423
127,3.274183138238258,10.23571752484103,-18.196867293441276,17.094587682803564
128,-30.51370356488619,3.888804174373842,-39.895487048525645,12.7180342888581
129,-4.884003959512891,9.89380832228125,12.892886179988944,-8.589357540315525
130,3.979287090500443,-1.0246303895213797,18.764219981906855,-20.72425342437185
131,-0.5382368567744228,-4.385143107880198,1.9634341636136396,-3.135669338106284
132,-12.319577045662415,18.85705842085464,11.58529878647242,-24.467315606892388
133,-7.829856005463543,5.063474507887164,12.889467141835482,-8.15816149036278
134,1.00112735577229,18.422009740844814,-15.715872931273479,12.442768860579918
135,0.9562143109029048,-5.560419319186008,-0.17735917865138903,-8.28859200769342
136,-6.139725224714181,-0.6687812176687468,1.9621411286997466,-7.539028436645326
137,6.333713000764182,-8.713960894941824,11.371902881423988,-9.750315180029007
138,-19.562375620559934,4.721413418339213,-31.571259063878063,13.809625657721133
139,-13.059181162750933,2.254944161059578,-20.674485126821825,14.386871593408095
140,21.015203787349368,-11.573213939518023,-22.89249660810584,16.04421526390831
141,-2.0782587291438026,-18.400731645363212,-14.563744865945743,23.039788786920123
142,-3.171191536802949,-0.38114405797021306,-34.137734408150216,19.071785106168562
143,4.897911697879456,2.1560694685299318,6.4850230792510795,-9.055361403557109
144,3.92080669900622,3.970715434400174,22.467109390547993,-10.467836127247942
145,-9.24019598953007,17.31355334021084,12.055883176396996,-23.693098474730878
146,-1.9157629113991947,2.354669104594121,10.174082802890537,-5.003270164143155
147,2.196600255566061,-20.905634635749283,-15.037290005989563,28.472259877832396
148,6.6798022504367,16.246294305472762,-16.36230429636254,23.731337514509416
149,4.893905081722769,20.634263097406922,-15.502349296196446,15.463226744440568
150,11.76921793772309,16.94866283125694,-38.970489292151115,14.513650988795856
151,26.227692187908268,12.554442892699374,-25.049056150920208,27.212380477288722
152,12.071692117559367,19.61741929649266,-24.502878106287962,29.68325903941858
153,-20.055329896160554,-1.1141163876761317,-25.412913001830347,18.51077842904866
154,2.1525358723808363,2.2282829552986287,-4.285528056293942,5.698739059866235
155,13.414692842002394,-17.710561662666834,-29.812956731843194,22.11422086526862
156,0.8881989931259847,7.757536624450831,4.60356215454,-32.59347164130671
157,-28.094039722161227,-16.30793362781789,-38.50759237134683,16.58611756416091
158,8.92022591434491,8.684427092762508,-14.860004074882294,6.763681871783553
159,2.4012021388216054,-12.20953624014529,-7.452037572297314,10.670056224955925
160,-6.79291227610464,-15.763323235703748,24.525928357691335,-13.966212893701611
161,-9.166880561871787,5.285481604694164,13.451786929196484,-17.229191012190046
162,6.087322082050112,9.979924606284946,-8.4772085518234,15.724901699445558
163,0.7273392729842804,-2.557837143342989,1.5865261811067697,-2.4301037596620407
164,-16.349638726006496,-11.215457992555248,-30.474020855146378,23.556425023340132
165,-10.879436196676409,1.31100169774632,11.96254456653617,-8.900590313286106
166,-2.927343960582614,2.1595987687564335,7.4787371847751745,-29.154298551477087
167,17.488864014896105,-7.152754398062147,14.9270137501111,-22.465060437030235
168,5.618060868681147,-24.079812739417623,-14.8868351320461,37.815450998336445
169,17.79313211696696,2.043435015977043,12.041198052311636,-19.842058153569543
170,5.144077797082806,16.119739327191635,-21.853656774590025,14.990606402512626
171,23.438296463686378,-3.000620213377865,-26.842124367714355,29.778590951184654
172,-5.008716175887767,-4.787274951509002,20.408863091221043,-4.827697534591592
173,3.898977418604649,-3.224161389142266,-36.00593767626724,15.028830993334585
174,14.571802996726078,-3.1749441177789106,17.208239500153436,-10.789264707440502
175,-20.32644159451879,-6.267462737211375,-15.34587025195903,33.52360069737507
176,15.730931966615898,0.9026397591820515,18.37853190871483,-13.258794341931441
177,10.00257019159186,15.870499364547605,-21.900804684016663,18.351081787274985
178,4.201699284516915,11.48419653545585,-15.673348672371937,6.834172502613103
179,-17.65730842351125,-11.404844811585074,-26.935464822520743,23.726018415055364
180,-9.09055247122621,1.3681489994471985,12.737817704812812,-8.698593251842299
181,-14.295038060591237,-11.27911490068236,-40.007799852563316,4.007729752871616
182,12.187354682684358,-27.660360443379737,-21.57437483113806,32.527503833758125
183,-1.4272629718514214,4.547750030726677,11.051109769505503,-8.123512255417346
184,14.505680928702644,9.156341578642042,16.8576516006883,-12.666659078426834
185,11.508374293715276,-3.8365488816012014,-39.58562172645697,20.3185537378186
186,18.08321765210641,4.704592252543192,16.031277879452652,-18.79971494253083
187,8.961418305216936,4.089274552097323,13.219013962777238,-3.2472199464807345
188,-6.155428934469488,-7.880296718553948,-0.5444609516018567,26.963768279751317
189,0.5415795226091544,22.69219100132806,-48.510005591637494,11.923449368514682
190,4.14974674103416,12.795322373521103,-31.759118440701112,24.489631463599864
191,-22.98222603220516,0.2605254518647997,-36.576338372085345,3.3961775114819077
192,-16.806721371122496,12.568022363295482,13.044968710559331,-21.024073544544134
193,-14.955021086657432,6.934304158049627,11.405352137115276,-28.42291747454495
194,8.236665450079933,7.5848208587455455,16.01547080229726,-6.176615553152385
195,7.453557353460066,6.704739463211583,11.399215453818206,-9.684829562473736
196,11.636288855153897,8.149939904196845,-22.051219004933316,13.19775267879238
197,0.06356712366765849,0.047889117072068485,-2.2313773377860056,-1.4052829742893633
198,8.57324360525248,0.5004229459667942,6.271088931949048,-7.947648744267792
199,-22.962839098810747,2.6109878461378715,-38.92547828145221,4.562062623835868
200,2.4198675061339228,8.942800512944086,15.393893156030552,-8.269527034515539
201,15.440200189157158,4.77998790862612,-27.793194659124627,24.001482726979944
202,-13.897122233415978,1.754307661266612,17.27368476786884,-25.3529011059935
203,3.029913141065862,-9.434499152655649,-14.038275076763751,6.029818107256286
204,15.1117124301837,5.303660533971315,21.0269030308304,-16.65098554445401
205,-1.9482323162776898,20.283970089834526,9.612448364860184,-23.57820818788405
206,2.452603314910834,-3.663682466025328,1.617848797568705,-1.5461605732848556
207,-4.88758687501754,7.017709519767595,18.80986657818996,-5.550416997879641
208,-6.88570328710616,4.076387971479089,17.069429718127722,-7.169132669398716
209,-2.9150177635402224,16.25448214146544,16.02878534983787,-14.07246517777559
210,2.227626763431692,1.5773085283403008,-9.96707105815533,10.039939125220128
211,21.988687902329172,11.139794942202087,-23.139322523513048,28.23532802858199
212,-29.19286065970464,-18.559790675202912,-27.366746068515184,26.50643594194306
213,4.085290966228344,-12.236998367478051,11.255406849105759,-25.61772981987779
214,-1.0624427546943727,-3.0410410629856366,-2.1553163771446666,11.088644970395753
215,12.350643046441883,-42.05793051577213,-26.580206510156085,34.459138907989924
216,-2.5954385061861003,-2.1776051743353957,-13.952534105692086,33.29105474667878
217,18.781161470656443,18.36515763336363,-21.124158075694865,27.174917667244678
218,0.27295984468360257,-0.7661039950307285,1.5175035789877795,-1.9779315037468235
219,1.6226912010638852,-1.657435867502651,4.076880085514586,-8.842386520564126
220,20.891515324458187,-7.48078101352547,16.043688614080473,-23.603765455522836
221,0.02321529491911177,-10.380690377664468,9.691561678391821,-30.180552128086063
222,23.274370483116474,-2.1194304449594945,18.052496468129487,-26.056838725038748
223,7.806679707018044,-7.691618930040012,19.43615281263928,-21.104706821010947
224,7.411318066611771,2.465834698060312,8.60267995800731,-10.80497272507259
225,7.537748087296543,-0.066752667440968,-10.933580011240235,13.050808841172948
226,-16.22939419258481,13.866793144309305,-42.10023497282928,-0.3259544845178847
227,1.085222597679658,-10.363193373465812,-11.890210545978672,12.705536640901197
228,-9.655066842719648,2.8248929600083637,18.21269357247107,-15.125649623934489
229,-0.1670657175432528,17.002463318970133,-20.40204122140844,28.66297398254375
230,12.652325166316446,5.195438788111189,-14.710469893967637,22.017992396172893
231,13.818904286007372,7.903875806392094,15.82601523786728,-15.336294310038205
232,3.4851638501208355,-33.325121143012474,-21.657835288361568,34.4017400108309
233,17.789997022527086,7.181337762658951,-30.396098919728498,21.470718962532
234,-7.4568411586106835,-2.7796581489408094,17.30500985755664,-13.064662229141275
235,7.517283107553008,5.003830966940947,-9.000325205966131,7.081534003831702
236,-2.7001498950771645,0.6078340229177511,10.995258258204052,-7.645047154098196
237,6.391678473530871,1.7573781266325699,-13.394874339201921,21.055157771252784
238,-18.128322968853528,10.755282105103689,-23.017492695532543,35.84913822754313
239,2.99058974581144,-21.08352800015502,-16.774296731131876,27.39678824749574
240,1.2687735508622862,2.6641150425226146,0.3545514454541,-4.228184749649358
241,4.514956103303136,-2.085367127250214,1.7019620583384731,0.45032129743216925
242,22.558520266096863,-6.2039327497565155,19.5424593794705,-25.241936548035948
243,-0.6237076821123225,14.22608405240702,-37.12636935934899,15.584944020136033
244,12.540726506156712,11.503670002671068,12.416611956646275,-13.118718705298894
245,-7.840321752862438,5.979792139458603,14.05161392086075,-10.130262062636444
246,-8.763161466571383,0.09785938908456378,7.552215022575676,-31.86187782972841
247,4.041021882021601,0.7430220218952478,9.96114047252388,-5.677702425608847
248,5.952645155946525,-3.6850552118193516,-6.887360583625078,1.5381222861548132
249,9.7774489013787,2.513736523120168,-11.260884891026418,24.441883027309736
250,12.927455249531265,4.715873246472492,20.76229414120055,-16.98582050362816
251,-11.459679902539028,11.880090354429594,-38.66597611901981,9.345272928883038
252,27.257442992110533,-15.562752102482847,-28.43524304712496,29.950242734444828
253,-16.170150032116197,-1.9742121728155455,-18.28494882357473,27.92819665425318
254,-27.906791812463084,-16.490371559215575,-7.918764861163795,52.73718114661611
255,13.026028856611974,7.285210704590273,-17.404725032089274,23.637556463360898
256,15.170924908161245,4.507134943322121,-28.893521300762217,12.910100952753085
257,-4.331875049741277,5.866781291823385,2.2140630667041,-7.153668264976981
258,0.316338225008443,17.74329727075575,-26.260603655357425,30.975366164987257
259,1.847887450345112,14.491618375184707,-22.672505821069805,21.028462936033723
260,-6.060005571666556,10.781150931516592,13.494038199047935,-6.470563208837377
261,10.103885594283076,6.235563944443925,8.563135452975006,-11.465895190030679
262,3.501680609753136,0.44277588729967843,11.754247514870055,-3.7284200036128845
263,-15.167711481047917,-4.113531834552446,-10.394052145371305,30.639024706839542
264,4.845804503018357,11.770749856792003,9.486545345729066,-6.778732797722902
265,9.11714018969452,4.268585707364672,15.49828554926869,-4.4040253236486135
266,-1.03576745456333,-11.809339184882264,18.407029832228275,-21.451111762438224
267,-2.685137392151043,24.249695934484578,-36.966418077069335,15.243485213606922
268,11.447927786078768,16.812537973684755,-21.396418683767795,15.887768104999344
269,4.979810096594192,23.0800146814118,1.556761972390075,-33.10405918199986
270,9.744926834829679,13.116134561545763,-12.787352206805839,15.54324812307961
271,5.496001310111511,-12.122550257999608,10.737655263440681,-26.444955909389996
272,-8.653457900383383,-9.104269714634446,19.921819128945256,-8.876117490626946
273,6.923948475532606,7.957687534728893,-13.598148653798226,40.980589130888376
274,-11.232094032775194,3.226832049795498,-16.78733896650324,16.914562782595553
275,-0.9301282592916852,-3.4350628911542187,7.851771911683643,-5.016155609709139
276,-14.345451261981845,9.619711675502984,-26.27670209886623,9.410836988440082
277,1.0450166579262965,-1.6121530827437835,8.966621854151864,-24.25293129716913
278,-32.97740359276925,2.9714341768446797,-38.166444100178616,21.981543614908137
279,-0.18648588938523034,19.23684711044524,-18.09387609898754,25.811999327129467
280,-8.1027386613936,12.00642851067725,-31.612179157315893,11.62748951014432
281,1.8076029036628565,-14.233717916674282,28.657010362050265,-11.64963133727875
282,12.114829800007627,-4.832475664365328,-27.675165452379222,16.308023303360383
283,-27.516295716161583,-4.99187168085193,-20.633003413981783,27.191828611772006
284,18.544938473751895,-0.8610599156653602,19.717447362822558,-18.713422396309845
285,-0.3509350159694534,-1.3477390462536674,-4.16001048211473,-0.45512833626919785
286,10.254892664484442,18.02229735972884,-19.1360623708304,20.263285316866522
287,-4.280443878891295,-5.0960650110718415,13.106579959835845,-22.55906629718163
288,19.55739480639531,2.728670042555785,-36.89699599643065,19.32399336337204
289,-7.22567744196851,8.627464331142765,-35.71659967078617,11.137576520264266
290,-26.710019496836335,8.46733869664426,-36.298564932029144,9.367459987797744
291,-0.9264166340873873,-19.899206690638707,-9.26422972636933,37.164258525391425
292,-7.579531976448212,9.099570443603941,6.086115007203341,-20.670135931818614
293,-6.995306278443028,-6.44534572403046,14.186367521201532,-4.941530864873834
294,-38.82102150390121,-8.23249807534343,-33.92413868467526,30.014682975204497
295,-7.835330600671412,-14.904619046461377,28.186844332031075,-15.960411168988351
296,-4.372170792494683,7.492113213601594,-41.89180555344297,7.478397909964708
297,-2.681522972123609,-14.421714439076903,18.441004635787596,-15.778240920624864
298,18.595417268475064,-7.647145939724609,14.211307148944405,-23.51526975277824
299,-8.487752342580858,-5.296777897761905,18.867236967444832,-9.115810878218001
300,-0.27962604260718993,-3.464023379535799,6.883342140144627,-4.105380008420332
301,13.62600754643097,17.588218649026846,-33.02414646369797,21.21306714897866
302,21.024321430932478,-21.755301303003467,-17.088907188737164,31.459230034966502
303,-12.418878367513406,5.759766215161123,16.672173453434553,-12.66506123812292
304,5.935643200607227,13.514489993709075,-31.416136748688775,18.808210121295208
305,-4.81683927943655,4.37656736080273,4.26212806767412,-7.902008949859895
306,-1.2491116076604205,1.345570000828062,-7.8885381019434755,5.582778670187739
307,7.503527983781116,-5.9146673850483,14.148383661761144,-10.450202356141771
308,-9.828736837478353,-3.576115239362912,17.534760056214026,-5.588596727021129
309,-20.389468854488406,-15.134323427037264,-38.02115050640225,16.440182455180043
310,-12.024256776969574,4.32134121486552,-16.82300409555325,20.821966407347865
311,10.88157949198399,-19.185410964515757,-18.989259693897584,35.77797880704825
312,6.096878564817966,4.918008980256861,7.895718914308496,-5.0497212275176055
313,-10.006543083826262,1.9865612324314599,13.671092203293965,-24.231594191851347
314,-23.059845671856134,-1.2942422005573224,-53.37935044012076,8.681843034799837
315,-0.7693291249989598,-14.827935567302374,-16.51164823886868,16.330431782930447
316,-0.9160904591843902,1.4932570866688732,-0.16997168383311742,-3.2857744626743512
317,-13.388838079193498,1.3756822921306235,-17.857504671717958,19.39450534474186
318,-13.024398214720296,9.182442907687788,19.882545379625356,-18.823789679677084
319,16.52275712701143,-11.910251755607206,-20.49941284566225,22.209676430847498
320,5.915835347647197,-4.801903642975457,11.774158683215154,-11.844608703342292
321,7.89421190800364,9.80909260117755,10.107486578572452,-14.80789655103103
322,5.964726317485205,3.4494021495712155,0.44053534830896246,-9.65867082469315
323,-11.413113039793766,-0.7691565654119397,17.6867152915972,-14.386242141199293
324,-7.92645699322392,-1.4937738206067595,-15.930702165766997,18.292898329455763
325,7.921238064564085,10.954278285666422,-12.361761490521893,18.988190610718732
326,0.978296495555838,3.488584723101563,1.563818132358973,-4.203665594582738
327,-24.867504510110255,0.044913781309625346,-15.767804833952912,35.686900043294436
328,0.214166568848799,-21.17730287914728,-15.51277814352305,34.797304336911594
329,-3.5103770621134642,0.7006745384127366,3.9338083065479847,5.797556821404945
330,-7.231569101157721,8.411669269742594,4.7774266519536726,-13.547500389788937
331,-11.643544989129218,10.200066550312311,9.170914164704774,-19.895126368205474
332,-7.172331329762317,5.931535759429103,-11.654293128762482,6.433436692286265
333,14.772802902938919,7.5821206231871585,11.892477220874694,-18.3602934000911
334,15.098855393559187,6.919871016520165,15.970211848516962,-15.623192816588315
335,-0.568239477607397,2.8215180013941668,-1.6133024046374604,-2.578188254446438
336,-16.685517637996814,8.314966227079962,19.70101577308323,-15.547733565020176
337,0.8124256925244355,4.658015678585568,-24.791153285783075,10.78052631779174
338,23.21796558887722,3.3737546674680177,-22.804959717128902,22.96725246911907
339,1.1087585415812984,1.9295622950185787,-0.6937343317464025,-5.153773929719194
340,2.96222983042941,-5.912137186630973,8.85939100044295,-21.284636686328213
341,-7.403898106130225,-2.187659232757208,14.03344863236595,-25.967764780399627
342,-1.614278310571569,-2.5299954265849904,0.6178803758255013,-5.591800687211361
343,10.16547438612303,0.9205428824122625,-12.747976499056465,14.447233954890654
344,-3.4363056171781388,-20.3905850542526,-11.03814184571325,21.88338450648583
345,-2.3075520847005793,-17.514703519743474,-11.105951407382896,32.77594339349086
346,-18.157556525807095,-1.520076449836686,-17.516120328097006,22.8932118005519
347,5.276941068485101,11.409221769419648,7.051139953145245,-6.496495410741868
348,4.222572566741265,24.67980061084266,-16.24042129778721,29.01014549342469
349,12.658732097318369,6.889588244298702,-14.710970127685274,23.15359134222185
350,-17.08652473749004,14.679287627616619,-40.1607167431502,0.23010325226973694
351,9.91709088758679,7.927505542399791,-10.734109649326589,15.559967560816208
352,-19.473663823633494,-3.442407496278276,-22.748684412766295,34.055720430257836
353,-1.3484360519111815,1.700535604915717,9.737008000816012,-2.661873667377238
354,7.9266600103035465,-3.5279402508009623,10.601278940014696,-14.686401646739087
355,18.917976811824072,0.48583369702189994,13.455521371139143,-21.505222749864828
356,20.57790209719861,8.167680545375918,-20.873674616715242,24.31024603018291
357,2.4645820147856266,2.234046927684418,-25.967160653778397,19.892044641612564
358,10.682659139659345,3.3511336361298247,21.031034717587268,-16.094946970865475
359,-1.111694851686383,2.4523855035018722,16.689613885521972,-6.609437342598084
360,-3.6689113574181156,2.642995812296572,12.101844517237009,-9.665006279252616
361,1.3294294885464277,-39.21076951751735,-10.99447304739309,45.812721659206204
362,-7.796699870641617,5.76627160105421,-20.462156571647967,-0.8948626004290052
363,1.9640822655268904,-32.712462476658416,-33.40950421445322,25.77656094531936
364,1.5015474033575074,-25.060461704821275,-19.334515877969405,23.076156818063396
365,-22.686378241295024,7.7399546699853286,-36.49252634810793,8.995065736150476
366,-4.5600414289192495,13.616479744593299,13.216565924380836,-9.260906175989371
367,10.688211325549782,-33.94378427550772,-18.894743939484993,38.486190313745965
368,-8.048468259145144,3.7617396560111964,17.50729168636655,-7.760463244704808
369,-5.218057915236645,8.581532407171943,19.555672689427716,-10.114694348742336
370,-1.0780364740942219,-0.09789504165509058,4.518768957669543,1.1973974132784315
371,-1.5438431017386438,-15.686554844108207,-23.786615700982544,29.20316069128279
372,7.462547557463448,7.790528297493274,11.660331175798689,-8.450838790828291
373,-0.5665161648318265,2.357309374987453,12.739511677108624,-2.4180319925763696
374,-6.646922985269241,-0.8592521400146009,-10.93922647732032,11.043197249000032
375,14.982816990325492,-5.207895100984181,7.470626243712163,-19.02794382375768
376,-14.533628982942961,-1.1104373661532398,25.685523391967227,-11.413796729961568
377,17.899923184500956,-8.96111179199594,-26.66648026432767,13.479027258842775
378,17.147853229369456,-8.859619159319308,17.49384634983494,-18.460638792419726
379,-2.7183663408908183,-9.031511463384218,-12.521156681938638,13.145809882932898
380,-0.09255194090800728,12.695423182058413,-9.511821104337269,18.13059585999573
381,3.94054612140859,-16.11397617765812,-17.1472977834035,24.88565671466298
382,19.973254718516884,-2.3123688963470057,14.017148486001783,-22.541681741955117
383,4.841995248842115,3.002299280126307,9.574034706988492,-5.2122352154493745
384,16.00747641545962,-10.958580366117356,5.790837846033154,-29.80125532638353
385,-13.593821173359174,-5.4211601922137875,-23.917049056144062,23.11644956300124
386,-0.48926222880268233,-3.003293300694686,6.765121480818952,-5.53117663123291
387,-5.928503376675078,15.04914446082916,-5.839165300074519,16.845752018445992
388,-31.54202077303412,-15.489454643183588,-27.986706462072792,33.95803174268503
389,-10.822596483689157,6.958111183502633,14.006703995680276,-14.949223739696107
390,0.5295313194788012,15.7957319525552,11.430987579022927,-12.138723202765686
391,-8.429404567045971,-6.184728065541503,13.136582535189614,-9.619504919829883
392,-15.920203656354397,-9.197144418444537,-33.440704655263154,25.575644170306127
393,16.647357179194724,-17.074482936687325,-31.1441722057833,18.176387057959378
394,-1.449652687706163,14.569654846987126,-40.397537806443296,11.832600675194874
395,13.072947669402721,20.191310306866605,-36.36831005417381,18.530856708097232
396,17.091783451328418,-15.046039730916776,-18.316165200642246,24.353795431250965
397,22.189610811321913,-11.476423793776286,4.204004363979257,-33.68787232354885
398,14.03380525244858,-9.689968566903167,16.03021414425223,-12.912359764025927
399,11.717353334996831,22.56964771269439,-32.17901479780824,19.389777496730794
400,13.770464503091736,-24.242558886764055,-20.496836189128388,35.78363616794121
401,-21.061363350921148,12.0326028620952,-34.85541741677527,10.334991191991875
402,28.066972395902116,-17.825753822929766,-25.935809190316032,34.545235905539535
403,-1.2244151407147403,-5.6228227591298765,-25.047862951367897,17.35373543428921
404,-0.2085427453768898,-4.818608222488495,13.02674544548517,-4.829867317368917
405,-3.683732997442336,-15.823753183903728,21.45228395177957,-15.835316337150232
406,-10.712111089695561,15.586617734019159,9.497289411017453,-22.081795228659082
407,6.602176146311167,3.6215744308612345,6.081265353328947,-7.552275633559421
408,2.6050166269607113,-0.8132303137529713,3.91201417102563,-2.4720616983629764
409,-0.9120282877588805,-9.209248330913729,19.34336968972997,-11.00174507661236
410,-22.90257724917828,-1.2285893473101117,-32.745754756934105,20.71414529395018
411,18.815073644188065,8.570714318162596,-27.20000172289677,18.561498662322098
412,-2.3731385559432425,-19.077931142347087,-7.080153317972736,22.25377133356108
413,-8.444352277452868,3.3455987155089146,18.297703202315894,-5.834621126124462
414,-7.5338729255002885,6.639936575834076,8.45487658346867,-3.992081243205754
415,-20.52331996256857,6.794508066867931,-17.147907080312425,22.743138507199223
416,-10.715109240794652,-0.5344195899199495,-4.634786861090341,31.514260023914364
417,0.459112007233779,7.791621705597363,-45.37320100679237,15.504004080374802
418,0.6793534646679172,-0.700030393265071,0.7678333683092325,-1.7977367092985992
419,5.4899985150930375,-37.876812849025065,-11.575174185151274,43.16688015132876
420,4.300598851726941,-7.2984946916787745,8.905164682900491,-9.108630547503404
421,15.714150500065854,-20.98564236143639,-26.917948996163354,20.38768155227082
422,-6.446514183664893,-0.012672284751413701,-7.964211454725491,2.134977773840642
423,3.518726954801398,-1.2229288501009226,-9.016488380904935,-4.72509089630081
424,-18.520830252688757,-16.000236838423962,-29.44737781581133,32.44971167996946
425,-1.9603720312785988,-9.893305774291667,22.540387799126187,-6.048821679908457
426,-2.354253491494149,-0.1804812280730949,16.719477133453484,-20.452788385586754
427,-13.999169018124283,-12.384517728108491,31.86378903120744,-11.449367794817974
428,-18.928118741295744,2.144475109421455,-24.709305770018428,5.493586430224956
429,-6.467781284091679,-4.16247473535018,17.788161719146306,-4.589118931436509
430,15.977879096176197,2.5977601842513938,13.387522861711563,-15.898538833235921
431,19.567061811274034,-10.056333285434645,-34.111066757411464,21.126169817118118
432,-0.8077350422854513,21.769284182364835,-8.072404819227357,38.605433820669916
433,-20.242710735075544,-3.7134124601048617,-19.13873472239202,39.574263928591336
434,-6.27968575044689,3.537853127728742,-5.328982528514672,30.864075789027947
435,2.48790123588893,-12.961972212057105,-13.056220142597244,16.169451995105533
436,0.44409157905110064,-7.271748136759291,19.3386867763866,-9.741019984029577
437,5.713705767815226,-6.218410645756346,6.581818943811901,-30.828472425786146
438,6.838968787892332,9.347438558225612,18.358436287492164,-8.000104897519982
439,18.922839731901707,-7.108472561680841,5.844208341082226,-30.190566231661332
440,16.27717450286807,-6.649488072524383,-20.680624027774435,17.446625351922616
441,14.373557974897366,-12.812161606692952,-14.943430363593148,21.976322969927615
442,0.004384480441900679,9.711278084814275,11.602359351218015,-8.6753436475452
443,11.34678737687255,-7.440301977162326,-27.274775971803553,14.037081989249788
444,-5.230554271926902,-1.2155492975780562,17.652866674251285,-19.847049959761833
445,14.726666532535782,-8.831030314543419,13.15232656723919,-24.117396732263995
446,-9.491925919535195,-4.4233981873323955,-19.733577776087905,15.173638124719384
447,4.855328346045833,20.665847275455075,-19.280460503158874,25.88472317372502
448,5.344655806179938,-7.2845557526730085,-33.47904144491974,19.81479283412152
449,-0.28799562873110396,10.771272823867045,-7.834122131899779,16.63406716974585
450,-22.722101924068117,-4.364910013415208,-8.865287003183807,39.8763230991857
451,-20.716328260570688,-2.0578259476988654,-13.397644190877818,33.822061234215546
452,-1.9552145875385056,6.244049186837722,1.0768870778793709,-4.2439873543515105
453,16.698468090998485,-0.39755991640724464,-18.24877973390501,21.78558953427387
454,-5.896028019624577,-0.9402418770506079,-4.158285470651781,21.989357759046296
455,9.229118104601744,-4.548386602189409,6.756937223452638,-29.147982515175283
456,6.727130365587659,-17.50453087033779,-20.622067192274194,21.2750377856751
457,-3.6378888787082198,-0.2566940324341929,-4.2563913604449555,0.5347712776097264
458,-9.387125673656271,-9.221619530932896,15.899129446717897,-24.966486879307634
459,7.962767370652203,12.928302793375076,-28.344877883637547,15.467765296982245
460,1.3381051236755193,17.535269522341334,-21.709019836767673,12.851460964487849
461,9.22706589903071,10.618101641497137,15.163478325760162,-17.287081394493484
462,18.937977389106898,4.412533214691379,12.964002758653441,-20.558433790714908
463,-21.156912072419043,6.868297424811974,-33.69019780922547,11.902417441774503
464,8.757755767405925,9.761863161446787,-16.090504376028655,31.138130302108276
465,-6.359114083634074,7.159466747268406,-6.401759264002841,37.41205678066972
466,14.681245872514546,0.5475210994987154,-16.92586460564123,21.839698440237115
467,-3.525247618460643,-7.506508373021781,-6.3975385059811,12.249977517524409
468,-22.405295742695245,-1.2909493296649281,-23.138487288787513,26.14491785568626
469,-5.763882242194831,-8.331635454144271,12.805347390547078,-23.600306565943928
470,2.05720378556553,2.7804453610876023,9.783480437289375,-4.879757559891227
471,-22.26607320389933,-14.597000871805822,-27.283078938886714,25.081263326202148
472,3.948607097850041,16.72093635485549,-0.5185461353850166,-32.24515436148957
473,-46.08500295497828,-2.682293471965458,-48.104771467275455,16.995507993162118
474,-10.408140661159251,4.5998295931236814,16.830125332820234,-21.143243771728834
475,6.140928615117863,-5.192130112580685,-30.089918349745876,24.93497743917358
476,6.460945908096807,-16.50489043458073,24.3394530265437,-17.203731179184366
477,13.094611412626024,0.6954953805566144,-13.234760679546593,21.54505145187797
478,-4.536892138077621,8.081861092979622,13.718922848616746,-18.54155070542541
479,5.633181889465974,5.219747768521359,-15.925675196636735,19.824816770393817
480,14.324904390209966,15.55277308067272,-24.564849857790612,23.95182172457609
481,14.532830122161915,-0.13000935717590945,-21.752677383886002,17.670604633703704
482,-0.7625640117572657,11.783381372415814,6.618926755358122,-26.38183596786504
483,-4.082155770725549,-1.4909671080358171,3.7353641867322067,-7.916712122735233
484,1.8980243287015957,-10.675554486295487,19.457841878356227,-11.134858583143053
485,17.94033260586907,11.15101234259145,-33.28461020881399,24.328589929930338
486,-1.9688927021267717,13.590439810551988,-53.039178103126766,9.711691162288192
487,9.47888523786855,17.57097994257273,-33.57206762142483,23.35193114830545
488,-12.634617791013921,-14.527382182977423,-6.08344225387117,53.46936898594033
489,16.96132702171635,-7.958941983152109,-18.487529196861633,23.06944082861556
490,9.57527096541863,0.4449306805425233,-14.493923961123938,16.046390698609237
491,-3.6599981239687316,2.8502965581931474,13.259971387625656,-25.697696454799637
492,-17.08197982284441,1.7716452620706917,-15.193770955879767,23.446576175235112
493,2.258077897015246,-1.7896319509871357,12.580779688123261,-16.839403193884426
494,-14.49241361474027,19.470936605355856,-34.057279783763775,15.02013134974605
495,16.50697772101994,2.247364331731418,18.16708183261444,-15.167592953152026
496,1.2837594725858912,-5.407302171737139,2.0483782441610807,-5.360237265441895
497,0.2619298138014254,16.136087495604542,16.665363040417265,-4.907523663481152
498,6.8541592467599886,2.376862902678058,-19.74147129538994,10.555914220349509
499,20.23443309013311,15.02208671373554,-24.941063024375108,33.06698041375817
500,7.527772108020255,-0.3531440591716406,-19.097266956393607,19.5026152976849
501,23.487987741658923,14.262130998779794,-24.905203300186336,28.604195505625768
502,-2.019244701178576,-21.377894010277753,-5.841995399325995,43.47018606387541
503,-3.834417446592746,-1.4629100351919986,-2.8158430099139418,2.8652853040575206
504,-3.9838017300200907,11.772629564724793,11.631450133411386,-15.573232223464952
505,18.966047755824565,-4.556490131257227,11.669933982982363,-27.542959394016123
506,6.819403436958518,5.467913277322529,-33.35246973868627,14.608955953531867
507,18.254109436777078,11.51952631423686,-32.78135030065879,21.08824290353671
508,-33.32106197186695,6.674850190512907,-24.508518270357257,39.414166486604216
509,13.420264019625249,17.012342391119432,-19.030553038860408,21.202471124628428
510,-9.783913293850715,-0.10089236340002783,14.697327291469566,-19.979393820165797
511,9.774847093504475,16.147591731261798,-21.008440238673117,21.997411092793396
512,-5.776852433192291,-4.2641629973336865,-7.769110032727125,19.29546724229591
513,-24.645497653347693,13.338783045833198,-64.61338684556718,1.101904533719718
514,2.237681141819421,-3.1808299404539655,-2.625913727683706,1.6395959268897795
515,-0.7201539420309635,-15.601972066857796,-17.4190170508022,27.637036070318047
516,6.857619242054278,-7.057355893667593,-17.11905425768553,3.286521172880198
517,-9.366831795652969,3.1536730816120784,19.171905753843646,-18.98462911778981
518,14.903175020577088,2.783840355016321,-19.100315444517204,10.82241797295135
519,-5.791441780092397,3.7531649803860763,-42.284749061959936,17.13769902360015
520,14.20634341627177,-18.236467718331152,-28.64722453144134,23.529879485890856
521,7.422394080682338,5.327123654809225,11.578526495091428,-3.505236416825597
522,-11.144700158634274,-4.746494173925085,21.316377092883897,-7.421446075610364
523,-26.31472034127694,9.730021000280809,-33.18957084469447,11.903284695478701
524,-21.63033431233881,-2.2691908695538006,16.2428060942468,-23.66805948702454
525,-6.275669265324047,-5.361445098655822,16.608060198138322,-23.176530211880024
526,0.010367280517746935,-0.5144799852183544,0.3462984312070583,-3.133404856347533
527,-17.05535336179163,6.331336791308785,-16.074645951354825,23.45222154255765
528,1.8812464152303465,14.383243141278877,-19.08819272819128,26.414803442775113
529,-13.046137358620355,-2.2672871717262155,17.972201691340715,-23.643380689124193
530,9.866805651203826,4.742804197324283,-13.441338678091954,14.320909492935934
531,2.901260375478565,4.104542533863452,8.641308536881413,-10.263877585481142
532,7.8408040482491215,8.617257119476717,-25.319805697948713,14.981371526260023
533,-11.581228854804506,-4.789270989846677,-27.23487736099992,-4.909966001110111
534,-9.219144235391695,-5.870042897344675,-28.116032432565063,3.080088888096762
535,17.262050064939686,-1.482481998181803,-16.414720834460137,20.319967085987482
536,2.1791178820598054,2.753470117515151,6.108537257695602,-6.170695815990929
537,0.45294891114264724,-3.24761565158514,5.903723766638424,-1.5540192263612487
538,11.808700191110516,-5.812529340208528,21.46907615374763,-19.662868020407647
539,5.099394159601602,3.135963482098824,8.30216390078495,-24.08606926568624
540,-5.421208365806456,20.405306306074007,4.921541255045029,-28.38249687333227
541,-15.913288890796371,-0.9029734386769281,-21.158464765935236,8.223126642394805
542,20.44881945964168,5.153721562271786,-25.671575768085518,25.231602305802674
543,-1.4599983294266634,-8.480951763553517,3.426420527018484,-6.012598718035352
544,-14.691573328332918,3.2167909141607964,-19.720674530809752,22.084136727765426
545,0.5620552543200967,20.65223255650788,-25.043242105184635,20.256975770948895
546,13.936258922747596,-1.4750063330099565,11.998354217916518,-13.59508708310009
547,-2.944081611259923,18.202865163446894,5.986842694718727,-32.54050606706413
548,17.571534125957196,-7.340669561689493,14.928116327203243,-18.75520424788507
549,11.16246068132337,-2.5751409475713203,-14.104096637443345,12.887545982204227
550,-11.938406297121785,0.7518466839368654,-16.921018537256145,7.056100838274614
551,-1.1210128248895743,-10.636011653758224,9.30818975466845,-29.915822395250018
552,-4.681073899893084,15.294193931072408,-12.808340566212147,16.01348955902724
553,14.735376227468189,2.7145842587808917,12.289856224334365,-10.83095912918785
554,-12.054828484737344,-16.033824823891194,-7.058439286426874,43.86011911852274
555,11.046694519212622,-30.536274039420753,-19.92690237188756,36.69604248996402
556,1.4972887576846625,-0.7905802076901765,-5.763742651376791,-4.94314094571686
557,7.7890709142550705,13.633919801672521,-27.671545743690878,13.881456088565162
558,-5.932187210865921,-1.0062423264533762,-7.518670011385804,8.396287703724761
559,-5.758939314038281,3.697963032331186,-48.92461462947469,0.9120167269975179
560,-1.7985208445857295,-5.858823350690593,7.452076742852919,-6.003793321236391
561,-2.5113405914942444,2.553153109364181,-12.319142299721818,16.941391651814772
562,26.927944879894905,7.176629881525074,-30.76368524803332,23.013194268093002
563,6.079018076917018,16.841877429206445,-39.83181268328577,12.591354630775722
564,-4.938576805781262,11.881044774750915,11.87775099631065,-9.672777130294168
565,-8.554019330945712,-10.469210926733679,-12.940783149067965,38.19880912588249
566,-32.56307180375256,1.413558292302092,-30.172787438735252,31.495050189010176
567,-5.334879130713231,6.45860339114783,6.01015546974399,-11.592063248694808
568,11.711302737028124,4.6773632400414495,20.754811767588095,-17.017612403078395
569,-3.8986373224597233,-2.5266411538543148,-8.642519616531104,12.251602736126092
570,-0.7687316316766997,7.067662324242242,5.651728511921884,-7.860034274016372
571,-17.198831389982438,-1.519343187660911,16.66058928397807,-23.575149549586744
572,9.838984886637663,1.614723950748966,14.479394943315059,-6.918672230662045
573,-10.776345518960012,-6.233518126345036,21.388239759582632,-11.407533654062462
574,11.000474397645815,-8.160016264784561,19.062106727772804,-9.073125725957782
575,-8.759661053396973,-5.33638604114113,-49.35390946950995,10.730845216818823
576,-4.968583211996592,1.4749575640341317,5.340994436275929,-7.590954960009087
577,-5.619184027833718,14.130192882526574,7.905593849800874,-25.392270297284036
578,-3.4152322877884007,-16.78770846250033,-13.045045218644578,21.660047487079783
579,-14.205475649321865,0.17351856014713687,20.46344759180729,-21.03037931653932
580,-3.2585776099829196,1.1148907899502372,16.756435443058063,-5.142982915921227
581,13.277835010233987,-0.8892813238034694,14.14795789659248,-19.813555228015385
582,-4.555143170270995,-12.978123807510373,-11.582656784814024,46.78074902611299
583,12.469249528374895,5.6807116933235955,15.767426947734782,-8.365308687855585
584,13.944785390782782,2.581301554532404,17.952297644743506,-18.39197833583128
585,-4.2180558523697345,2.102959912960272,1.4056250911770332,-6.163096578246499
586,-3.8743006884448703,28.12229581929795,-12.686435065345735,32.853505457103125
587,-1.6905626898702564,-3.987591908721665,-3.889424829554857,7.744905814194075
588,-0.9219578079127727,-6.2725856140441625,15.768938639299224,-13.657256534498561
589,2.2714613212247667,1.687909043160014,-2.6341692135426906,-2.4841636160756506
590,10.785476035814439,-12.500537639680745,-24.563370707108135,28.54713515378394
591,4.589125215236929,-0.2710428325100025,-5.696503835002656,2.0531715810993294
592,-2.876643805890915,4.715570646074211,10.493313277617649,-8.964032737246043
593,-22.83539561614997,-3.582399091987678,-12.001764934133458,35.118254974628506
594,4.989625567135867,9.009101360119768,-21.14183411034451,11.72930678641752
595,-1.2709827410770835,8.889427286470223,13.888138070629221,-13.561398276915488
596,10.082457162866138,-34.683814757652705,-22.731893942780616,36.889129241835576
597,6.466565815743403,8.63969481632291,-27.091906931835148,21.608609464142457
598,-9.451388208053112,3.4472727978506517,-5.511127245782232,21.28483178747158
599,-15.706122864870089,17.979228339146218,10.162626480690115,-25.79166327641481
600,5.100401531314274,1.4192612387436907,9.45147373500341,-19.5694243975594
601,4.696149116548762,9.221522662395454,-28.251353299854703,22.267903287581966
602,5.481295566295256,27.620436569292885,-22.351794539989037,24.383982330673557
603,-18.518769010579653,11.941058708081313,-8.865930000140217,13.767887670690348
604,4.443037469213491,4.145674073928197,8.882464144222874,-5.414095770153737
605,-5.640363911468612,20.923374868063227,6.903601063349554,-27.403879631402454
606,6.58373966317236,-4.1639495239878235,9.923482371605175,-1.0615156549927391
607,-17.263689079259905,-3.3536417956695272,29.398453641812566,-14.97134093978607
608,-33.21092177167745,7.1256077543146485,-36.62535612242411,26.18096829788006
609,0.1724797200129996,-3.663043629551657,7.357928893036964,-2.9792789403638915
610,10.850047742859523,-1.691488096946732,-16.480996348384277,10.095061101350584
611,-2.0723810969803775,-2.6149256958780387,17.532302641722083,-5.577695568717796
612,-0.13076405523071835,5.551592457422886,4.703180134478139,0.4653796829810115
613,-6.506406844476655,20.978109388856915,10.387422021462722,-25.823396313764746
614,-24.40071488940204,3.31615253706109,-25.073581308423215,22.358163267676588
615,-1.8960311897368056,3.8044705952079614,17.572585726323936,-22.447739455173302
616,7.6602671182883215,6.782828681771223,13.952504806579416,-4.085608371973956
617,0.4501367074046687,2.0361874966743434,-1.9929716189490811,-3.446154823733336
618,0.622091328290638,3.135410661432031,0.39697477718700996,-4.313350775331911
619,2.932363411408501,-2.4343596995380565,-5.728138435343848,2.3626917078193794
620,14.42529070122229,2.506265522422237,13.27238344527896,-25.96521459072489
621,-0.9604923002517695,0.49155587569430403,6.45786451228341,6.843855282140996
622,6.985811628319733,4.984310674085209,7.9478892465191615,-6.491927312165817
623,-8.148688611034725,9.124502519505086,13.067128115533672,-20.622496637288176
624,4.883226055969608,3.956749563030755,4.956255282836389,-27.494831809615526
625,-9.469614181328748,0.05965417033934993,16.368530211699618,-8.802836693385279
626,-17.152438801649676,-10.608730691756248,-8.444519046517682,52.071717486181626
627,22.148253935495365,-6.773355545924751,17.285584781750615,-26.33033415862928
628,-5.479110102313103,17.544175320501896,13.175153657383497,-19.548986014645163
629,10.715742006158866,7.008670067759513,13.491226112743812,-25.044775157498176
630,-11.905907656679762,11.008439601811128,3.9284425459696246,-25.467014494538557
631,18.52921970616432,-5.2388208786734065,18.5532260710415,-21.420382807412665
632,-2.579452321689422,-4.612297713521424,13.246613221346475,-6.673228950049276
633,-0.4735031755278045,1.633593158647444,-6.021541830664693,-4.644925581210289
634,21.20408767475492,-4.503610831787518,15.014917912685142,-27.93889807441734
635,4.2712742137666,16.747903585775315,-11.50676297220126,44.29237137420607
636,3.7816449278327045,-14.518673226217022,3.04838567137725,-34.44419286877549
637,3.830012919600882,-10.082573671137377,20.407718438884352,-18.703240347516275
638,3.804911219993623,-12.50016581768489,-21.519096237463046,10.503032486068191
639,7.685802048895902,6.059829992329316,9.754764096769678,-5.539911634289621
640,2.90711438212762,-16.66581916818285,-9.031929867291534,30.5743982600021
641,10.975974511857942,3.374873198256219,17.253639606116774,-8.23824462247589
642,18.163235808381742,11.268957156894507,-32.51695716701959,23.404451223190197
643,-1.6729590653372142,12.850921572931986,-40.23104220453763,11.434122784829055
644,-16.152381441176242,3.2844258300700453,-21.883587949478184,11.581561962720762
645,-5.499631546073376,10.680305460997614,19.07117444070933,-10.444469693760391
646,6.012073577889036,6.3858570847510645,11.019562622694513,-7.2311761471119835
647,12.36505597031968,-11.060879765651764,7.98698365326877,-17.751051800853
648,-8.61958837053822,-6.8995856821874355,24.855768885495067,-8.139611035127993
649,8.392505630405545,6.102667148351751,13.57450790688986,-7.939275523369404
650,2.8679113432795886,-4.564306408689793,9.6373566645148,-0.8380155777216705
651,-0.012124603079538221,14.941355341893749,12.201712000045859,-11.56140569229279
652,12.13904287521567,12.035387179329264,-23.252810440435397,11.425210517153495
653,-17.980997612200962,4.773242445959912,8.94863898341822,-32.72462182300922
654,-9.504874503804697,-9.9475169266803,18.06516540371579,-8.782682658662187
655,-2.8638802913483463,-9.871183254664675,-8.1703337438223,27.749656155462763
656,-6.363154103595006,-0.6310402618626949,17.0831977512649,-9.384795459082362
657,-17.8114715394517,2.7051085599323272,-25.206501602118976,18.77825036662875
658,-13.754120353269075,10.290859273266463,11.54861714467835,-26.869793440013773
659,-31.82626009231446,2.3219204405460667,-38.45446285030791,27.02390777335129
660,3.2114451023881507,-10.299380359744607,-5.982332169004797,22.082711057068796
661,7.099138202287712,-3.7371296904178952,14.524137351027932,-4.061818710935049
662,-0.8579746994928851,-7.7650537373049735,-4.655960650432539,4.535894187560055
663,24.493995523945493,-4.59204324472183,-25.514720847407272,22.032780297568053
664,9.58385697437406,10.175873710712748,-11.494736105973939,30.300249704388
665,-28.491985602617586,1.7007293930393725,-40.91550980112888,16.18163948848064
666,3.1113754440852035,0.076687424578329,2.76529367450165,-2.314467931031311
667,18.132031450210285,-1.891563883812374,17.094440390466314,-24.93938711224266
668,-0.052794440062966935,-28.67767035453658,-13.199057582711433,45.07725560996999
669,15.129046102389603,-0.10401483572178008,12.860957429207748,-15.170014351124077
670,17.9197654937712,-7.663795758732265,16.464244748122024,-21.196748258409894
671,-0.623395443437222,-1.8069401944111707,-9.699982942243322,29.05504191599042
672,-6.0765085406049035,-2.7462031504228057,17.742441645560017,-6.488401763189167
673,1.0462979840007203,7.415459164570419,11.949239439713308,-25.23290721159308
674,2.4642621311396917,-7.863691196002128,11.657769509433274,-29.11261624269551
675,-20.871017775825926,-2.108698167584433,22.456894996901227,-18.320329025962643
676,-10.880036201217244,-4.198372055709378,19.921144959077168,-2.9234477747926375
677,-8.863667214107386,5.524359355976338,13.414553300740147,-25.579719918832446
678,0.9371268566631912,15.697757315156103,17.609928237628264,-7.073155407608912
679,-7.265301074011136,-2.047047362651091,8.879237127082913,-9.36701535581471
680,13.32342358841848,-12.427602545571883,7.090950429505747,-30.577317537073917
681,-26.39665125019279,0.7640782045209134,-20.091966738550845,39.233098512245704
682,-12.080463209806231,4.713461400491232,12.689226202250229,-6.147090991143674
683,4.935820951076664,-5.139525170421428,25.291940028737017,-17.609705297189688
684,2.5395997279026084,-24.514301313767582,-18.46345001895078,34.70111332979252
685,-2.5699326572126338,-0.8060502367731947,2.0433922473503143,1.5512922057195715
686,11.626294805729945,-26.672360777494774,-24.390151252091595,31.825203497638913
687,3.8622538702653477,-18.603050750314576,-21.050312207527618,30.240949930079392
688,10.54584916147799,6.1960320147090195,11.563281934353991,-6.96868379944525
689,-7.366798942798711,-3.962418775270465,17.609827478035427,-19.571894586588368
690,12.781925971569187,1.1073565280568638,-24.99382628015167,15.64745314895993
691,0.8309543926055896,-2.2466920000897,10.394502388357365,-4.246236819049346
692,4.084492086513938,-13.9919360683401,8.291275520316718,-27.332998173169784
693,-16.185152050651297,6.559216361252183,20.238422835868693,-13.184839586748547
694,4.03901659842662,1.139535643315475,6.224417421009117,-2.087113598612443
695,22.77472689348456,-4.269357134175188,-23.670828091221928,23.916942544478967
696,-0.8998385337634226,-4.459072255797489,7.773253177786232,-4.666259109747668
697,-18.553984757985205,1.4898112144993503,-55.636190337673995,6.381606386311072
698,-22.28769846290562,1.4834782415854901,-22.09048639752282,19.169740235785977
699,-2.0727581499514005,-9.27946274991996,-14.987639129817532,11.789927051372501
700,-16.464060184907687,8.562679165434954,15.312787600114246,-18.544964946860045
701,12.866944897771084,-8.173650699246267,-16.489595475019993,23.295361055008442
702,-1.5451773627683043,-4.175696867509981,-9.71668215319312,0.8341855691200104
703,-5.767748810081132,-5.152516426067949,-12.290498678293519,21.410164084895104
704,11.511609833773681,-7.5616757358960625,-42.3097231274713,8.656508281232671
705,2.718747908472984,-27.090474234644592,-12.696519097075855,45.671711036264035
706,2.7727282410190925,4.444730630344258,8.009787707020452,-1.290415188086209
707,-15.46823753890442,-0.2504936283480725,-20.251675710783328,16.09834166894449
708,-5.741388970848139,27.11336375894729,-39.71571993957956,16.69768058861892
709,-16.240246950205215,12.913477969608602,12.19909543139293,-18.89210846836738
710,-0.8819077051594474,3.650644245482055,20.130407656237384,-16.467371157013233
711,23.786804416176874,-2.4047810711875854,14.909991675761473,-18.97421765663938
712,-12.631495821215285,7.168175183276307,13.381944318683423,-9.88482331566836
713,8.250638165020161,-32.597189636998465,-15.04473880044967,44.827678464172145
714,-1.6124038033925927,-1.6189524292784907,-2.6904192710353287,-9.482844321012614
715,-7.681544540073963,-8.70518857911645,26.398070422547665,-10.198096516984334
716,-30.476970091226,-3.5855128443946884,-33.694771764235284,16.57105196819094
717,13.556541996753834,9.143148706016754,10.537966626241078,-24.022819040122233
718,0.0008608889754331273,1.1651780144120685,10.608140163055792,-22.324858518000813
719,-5.644512976338468,-20.332424006771973,-30.932229281253495,27.534625267434276
720,-14.050626824778265,-8.481412232135266,22.738586438963857,-15.090127950201785
721,12.329464156952502,4.247666183020357,9.701640299932691,-29.14028550723575
722,-2.1563117390726214,-2.8341385061026947,-2.410423577990854,-0.07995297387515793
723,6.958530367928225,20.50160426327691,-16.53087906180516,21.39994210289528
724,-2.032098719869878,-2.7766450827149893,-2.1012977167787494,-3.3622736218500333
725,-6.449712154782987,-2.316445818032555,7.830021388924386,-33.4685047842675
726,9.32260852020954,-2.949848947889266,-12.983315983409375,7.717470928119207
727,10.402479940611117,8.422333704787789,-18.241256121649833,26.101274878654298
728,20.096129234711704,3.6182962627167505,13.955655127502068,-17.437250419365846
729,11.002184054937697,-8.881447745533006,-15.192505540439589,24.035872314592652
730,5.758881712967033,-8.404198983281765,-9.791596730078252,6.115536692184668
731,-4.730905936448519,7.181714933745218,17.836871751083567,-7.201172729183116
732,-0.04711689566045388,-13.23687524436487,-15.423670260309358,44.39585516175223
733,-23.940499154725234,12.369070906265751,-24.068164073746733,33.77504794871495
734,33.24069800431437,-21.156456251554676,-27.824914765352677,32.086786955781996
735,9.391551885573381,18.959167394814532,-29.15045764515561,24.34349210290419
736,-15.247796896272611,1.3458499580958603,-21.683343375361233,35.77439340178114
737,-4.599310912490792,14.585862687030781,9.330606466539738,-16.7846976342455
738,17.97374979613302,-11.972726308379423,-38.99809917896646,17.781240938546954
739,3.935051996363629,11.784137732186762,-11.477278854549663,9.507581454558377
740,-8.14368275410989,-9.220842091881089,20.690990873212105,-16.732135223899494
741,1.612975716161639,-22.76767195851848,-22.20148422189077,36.615991306210496
742,16.35435938066185,-8.202480560665574,-26.3923177940032,24.60667331624051
743,12.768252048618148,-8.700719823010695,-19.314365321522693,24.398511611145278
744,-0.9295160565200239,1.1410259916175005,-33.19232856567983,11.805410317145359
745,1.6003519883856505,-14.030955866729602,12.865179344888192,-4.411214979230903
746,16.3327531184145,12.215576175614036,-25.47079443220127,22.583443498041376
747,-18.16373729864262,9.204161352580954,10.951690154792388,-20.88501231758712
748,12.560845249073479,-20.426733663707438,-23.2713547062737,32.45171121521918
749,-2.0424530378676375,-0.4261826821844874,-3.4775045016225445,-4.293112104324599
750,13.511398230325423,-2.1457913806884443,23.16181708228261,-9.740246990981976
751,-21.344924863415606,6.459034447810058,-45.609015946513225,4.426756436648558
752,-1.7728112707498347,15.952282426047933,10.913210453764101,-11.439914234434466
753,-21.408913184275477,-1.5913337648803783,-16.064958203036735,32.751858659028805
754,-14.737963358096444,-11.385162089285197,-29.588476401646915,28.27404459371563
755,-18.27012209966326,1.6694720822525335,-15.020624303554232,45.929854736608426
756,1.4430478668267939,-3.027829468875791,-7.87866560254498,-2.017366199555624
757,-2.286051581874912,-4.6344230314798445,22.263389392459775,-11.651517724446713
758,-17.795088397404424,-1.505578928355042,-18.05867684088953,27.2930710171833
759,-13.192472413353613,15.020658090989668,-23.57557676343306,12.650175437036287
760,-5.81743726781069,-4.146230093102509,0.4048058541265108,-4.275764984335135
761,10.284980168309774,0.186367620763651,11.748341783670531,-9.949894481831647
762,-19.583553756401965,-2.1447717763358685,27.73421478962579,-14.8570047930236
763,-1.0157898201500961,6.388100246907359,8.741558175532404,-10.483249185907692
764,-0.8220338291523036,0.07640319082452161,-8.427366009921442,28.0656789621361
765,12.986396948937792,-18.216498650723018,-25.093998464360663,21.45960683773235
766,-6.131269373697795,0.6785762257252654,13.983632317776316,-10.890506482806796
767,-4.844866445131006,4.301197337988068,7.862357729993958,-7.039409214172106
768,-7.836291869238454,-1.021283467919019,-7.32638145419591,10.630586084116027
769,13.537822253124563,6.379656793806941,-34.397606873853036,16.68085792519177
770,16.485528350362294,-0.5825881657736203,19.477870063355002,-20.012899527282677
771,5.498511507985805,-1.4198000409537177,-8.283129865542598,7.421678267671689
772,3.292239098686786,-6.486654680400355,24.951845434830535,-18.22043787530433
773,2.224787174617328,21.834696910482833,-19.768302308753455,18.518374625326064
774,9.571414533053245,-3.7830057643210644,-19.445721070359635,-4.886669239051969
775,0.2381570971903531,-3.8001522151678215,10.733291328507283,-28.1126811050395
776,7.366329145736712,-19.466788329879776,-13.116822632673323,39.4328305166763
777,-5.020293394904315,8.867386133134124,7.209143377843198,-5.9645676183934935
778,-33.273032159409865,6.620617794516624,-53.801727338962685,3.224862557853505
779,-1.0110564231341468,-13.610321981641983,-3.8591141060625596,15.761850075902256
780,7.009964616224831,11.746902976412903,-41.112400207172904,11.442925069576168
781,8.033411510038437,6.4427189076157525,16.82211823194945,-6.821437846930263
782,6.657785316446173,-24.770367889144048,-19.82044998028341,22.431363692569274
783,-5.561548096822274,16.583013681976944,-38.84335358331361,12.04901116156893
784,1.6621162071708884,1.4146999247259031,2.4450613702261754,-1.3006493207681196
785,4.5072867830048535,-25.2564337293452,23.32256978120645,-17.116997916911355
786,7.224702298268271,-0.13151032217092007,21.87448948623644,-10.584126309114751
787,11.795848097608284,-4.560513931194241,6.517617497944178,-28.902139000096643
788,19.469011438236038,-16.327680394719987,-27.433374219564726,13.650022017593608
789,-1.2146994963882594,-1.7190618836520923,5.287609091095822,-4.951834700449577
790,-0.35175049512924095,6.8609477657551805,8.137164719242136,-10.903326716196407
791,8.853271821796218,1.108561627646886,7.030734607716078,-13.649565249284798
792,-5.078672132958583,-8.014626013319345,-8.496236493416054,24.954714657649944
793,-28.884028236105635,-8.057771252628184,-21.59567381888481,42.06362718010027
794,-12.446620834438567,9.422911414460769,19.903576177685352,-20.79246806735851
795,-0.9459997758081043,23.841046230244945,-12.701517472596104,44.64934608000486
796,0.8264810914777015,-9.437472981185238,-20.54633568467284,26.50712933177064
797,5.196669622400988,4.669027872512975,-28.256274374804136,12.187746895071166
798,-5.894225770439499,-20.149227004330115,-16.209978195015612,43.875975097782515
799,16.88487663049512,-1.5806532170278964,14.071071174382173,-22.210379094328044
800,15.111410999142093,1.8540272926690737,15.525285379080954,-12.31441606604734
801,-1.6577460024634783,-7.519808972466137,9.73817443310287,-8.916623845467456
802,-27.334715102966438,-18.995426598916016,-11.690898005190432,51.09344829345182
803,7.98579799193377,-0.9281091655282804,11.37882749180384,-2.159773212463884
804,-3.5272003498832243,-4.060880290465255,-8.014150385830218,7.462598163993824
805,-9.804873638574044,-18.851797753512994,27.338388854846766,-10.771356416192127
806,2.6299140653852318,-10.532012314892867,5.578980191146391,-7.528438319459174
807,-3.115344266549872,5.513046279973764,-6.322583887978616,8.162648038290532
808,4.424528944904621,-9.255263208787811,-14.27487286333234,35.14116254548928
809,9.533846109708724,-6.308361238773258,-31.637549068215304,20.78277891091383
810,-7.219330618365975,16.379074426425223,-6.8328160020195545,49.73526914148415
811,20.52358537563056,2.204803287971877,15.153537666080448,-20.48666655937418
812,4.482465941897907,5.589247190765093,21.685099903304344,-15.938964884280772
813,6.497326838878513,-11.361999569589575,13.079624054582894,-23.133100405204665
814,-10.577196221435523,12.35996351652144,-14.968215463938392,29.159019636895415
815,12.921409410832384,-0.47672259624056323,13.039564190965885,-13.813678586637959
816,2.833596831825407,-0.15706972928754026,-20.48246584653459,30.364834758250996
817,-7.841878090595505,-4.056025396375497,13.01573789545741,-5.989277843511714
818,4.667961144648272,4.7769715785845746,9.136270319039118,-7.442439933148068
819,-0.43395036766982886,-6.771836178082002,-13.424704322010518,2.168405721386811
820,-7.583458698630565,-8.009365485934957,17.66391316795474,-21.31654476313234
821,2.9452512484756634,9.471555554910388,9.676340704951532,-11.389767694016182
822,5.372934028357744,-0.29019070635143307,4.064596663264458,-6.313644466054236
823,-6.786096055868811,-14.115651651535904,24.513955442166818,-14.36088512076279
824,10.602595981160098,3.2626914167056276,18.071710868465132,-20.973062037465116
825,-4.028963436862873,3.976569101907952,-9.659527985422438,15.249613859818492
826,23.21297831801812,-23.703971855173624,-18.671453190567313,32.70359123772093
827,2.8503959635179745,11.219309327561737,-19.80203252459341,18.703823002660283
828,-19.97266173526997,1.0248879047181143,-34.08308950090977,8.235171779582819
829,11.006125280470958,9.802067361020203,-16.23294447097499,29.810886974488657
830,3.9649229158697903,-12.08575906323452,13.322079942625418,-12.623641994596523
831,18.32902142631011,1.9592087476533884,16.632785751509374,-19.661996291698532
832,15.933082990573057,4.673600199796085,14.426798474462368,-16.31613387087449
833,2.072914809488012,20.012099395603578,14.793207385631797,-10.28127294488134
834,-2.1172912813493863,0.6165774983262002,15.666639805942074,-12.828063908219866
835,-25.642105107127755,2.350788403063815,-29.352955675991904,25.202180516754606
836,-12.627169356177866,0.5688108981000606,-14.747293648588991,23.758012620283775
837,11.29362536761679,-6.697782140345096,-23.192628005572242,-3.4356603803809502
838,-4.5110603964947495,-4.312476767997528,21.90170277603777,-3.4104265252928543
839,-8.494892756393773,-6.061546619433192,-9.269864009154908,38.62426147091164
840,-4.050125344481069,1.9867566776149599,-0.9762420043256591,-7.234604854734289
841,-3.648620233118239,14.308330473800703,6.199486266152758,-28.973789556287038
842,-3.972554465739105,-2.2618134076227183,-7.450244281551481,28.556288302576377
843,-7.309962457972723,7.730258214927407,11.39736203691696,-10.294743289971443
844,8.571193019753233,-11.523960609388402,8.625548225668194,-25.005610276491065
845,3.0366584831080843,4.580800396598863,6.3982096659793,-2.080985927228333
846,0.27298939013147394,0.8557307911446423,2.546933825909848,-0.5555128045536828
847,10.374974904488857,5.771650067208254,11.134996806521972,-13.444270607586363
848,13.484065567150491,7.641723236534122,16.994549011823906,-9.637932265595307
849,9.471806945986806,-5.579371034993596,16.884641557865056,-12.102062646290737
850,7.0023214931975195,4.204585305296703,10.247882391622799,-4.509577726791026
851,10.653463716360498,-26.596401799442578,-23.027285736685627,30.835889808876324
852,21.785641470927644,-0.27476639871330377,-28.15734097064996,20.898425233704884
853,0.8724446960864456,-3.966346563142599,-1.5634127167799592,-9.893775978033258
854,-23.045702099883464,-5.172833637286807,-24.1883821192549,28.793155291224327
855,14.317558634765547,0.37773574239549257,13.880830977140139,-14.973830565088733
856,12.391721755520779,-1.3510177595929251,23.071412684856686,-9.891102114426799
857,-23.11152953476799,2.5951377676433833,-29.406171598263004,11.860023698863657
858,-22.609311769321828,-0.23133749175980622,-27.040656002987557,10.639465169893874
859,12.081878682437335,-9.982297313739394,-26.45006159977964,13.522749483749383
860,-0.9844805386129273,7.637784970612049,15.292674989905484,-25.315429559486255
861,18.161065433457615,3.25401126810629,11.610994752556984,-20.81404807894252
862,-10.736825420976617,-2.5742723243018832,-40.803005324221495,11.149987521725826
863,-3.9284435255583507,-22.359886436273516,-16.19350220512673,18.271733896760882
864,-20.000384582247293,24.880177708245142,-33.779770868081854,18.457577332125304
865,32.57463268670656,-3.1768758969374176,-29.966453573642358,29.790494067783545
866,-1.2152738071882223,-6.3164675779803074,4.156221413867634,-3.819111249588622
867,-12.322631673044626,12.511358731836577,-41.104088991172986,10.845339998616819
868,19.309806474865567,-2.824858148712778,-26.165626769459905,26.216500987217017
869,-1.1258548320934287,7.224677330785738,3.5523229480214655,-11.362387672860848
870,19.00250998695424,2.233149058814784,14.815074449882106,-26.985186736889645
871,-15.880501110447716,-0.5849851107847672,-19.37860890847041,18.974514773570295
872,-14.251613342618175,-8.690140993108146,-12.72735191232322,32.43459153036594
873,-16.47573408003387,-1.884278185378883,19.401344037027396,-14.68013598950461
874,-5.845608283618568,1.653001129626397,24.55999073841099,-10.187268887383052
875,-32.35895641270472,-14.982375464790275,-15.910183045127175,46.29080704507117
876,1.9745299803294374,1.080283784970957,17.308222688155272,-4.081728726643359
877,-8.71383068850955,0.9202929308808568,14.938637218721917,-12.37664122477001
878,14.012084055105111,2.716634248504986,18.722634047119154,-9.861364098128602
879,9.930332628757206,9.750342592236892,9.384399396574707,-9.528250754704695
880,-4.065155339949704,-15.469662206307472,22.113907851338755,-6.421385391790186
881,13.136906340004474,-9.244790216779469,6.958511864479891,-31.533136331129533
882,13.538058094912769,4.628573885541153,9.675767995627842,-17.450485575554012
883,18.322998874267064,-0.5786395973912796,-21.818650659503653,23.17292649013592
884,-20.077603319135,-2.1185945385755125,-26.93769731671994,21.91047703958476
885,-0.8133457801894604,1.2803572674826529,-2.5218065875725846,-2.413235429716491
886,-8.327119155410152,1.8879782846023638,16.63281800312697,-8.460887429146602
887,-9.050903110934723,17.774090576933855,13.149607120049641,-19.133084452231373
888,2.7701418742065043,2.6783750906351043,-3.735439750180695,-8.28198340397397
889,0.27636357838056974,1.846219212084851,4.779048918008481,0.5379457230042454
890,2.189441565708221,2.2243153384940886,2.417933258241808,-3.3847560369175307
891,-5.484341778752614,-4.40025835115248,-8.174405380329913,6.617698068566379
892,-1.487632552823506,-7.720807143850207,8.3160475114968,-9.765923303177843
893,12.612357100537588,3.468936160192865,15.944229006433115,-17.0405830268226
894,-0.9713952020504127,-4.241924657689684,6.934470443845008,-20.99552477595849
895,-7.313829922387054,3.216770869988801,-14.17282965199958,11.862982572111406
896,-5.803984416953309,-7.1966077001650754,17.629425268492398,-3.4006362353299466
897,-9.05285211423601,2.1077317650703815,22.90606295436667,-12.889116802482864
898,-4.91305842828862,-17.553309182511338,-11.756842998508938,20.038319650363746
899,4.50554899746198,-0.014928706015083545,2.948098403362518,-6.730592986061517
900,2.07052906730038,-8.520736885519169,13.912862008150052,-3.7231720270260142
901,7.953607825462703,-5.519221175188504,8.31957863463548,-7.156358679176977
902,1.0213183672100625,-39.76889889184169,-18.036992086296234,37.898299103543394
903,7.164679381251042,0.1494883663651914,7.489574658897602,-7.2831123457325555
904,4.021506247165059,-11.377730033274023,10.82326813963899,-26.082780878350743
905,5.865618356852311,-5.7332509577455335,-26.878176991182162,20.50415169339473
906,-4.1035442979286625,-2.282997135137792,10.571278333507127,-5.547872537661142
907,-7.27477971817853,2.882133369534936,8.722883663172386,-28.10058191282123
908,12.575504712844678,17.054431579690466,-23.47291005374173,17.362053489065005
909,-33.71921911716589,2.7228565040811405,-26.08766496166538,36.229546153072626
910,-5.30337292262862,17.88153273247873,13.529842191647733,-8.720058025858858
911,-2.288324264927407,5.885341845315464,6.873910066009487,-2.523844217640829
912,1.9360445829802213,-3.426699750516622,-1.4678017060232156,-5.589773685202743
913,10.353935760217407,-18.940090728225876,-12.197173527297831,20.179177685172853
914,-12.986552928321364,20.391914084968576,11.731917285209335,-20.33257112635231
915,-21.39760749571438,5.434527495634247,-33.06062158644619,4.127951481135038
916,-18.838932155239586,1.8376551969591,-18.454790052720238,13.233766408142692
917,0.13316480624286445,15.54930081968865,13.695653815600282,-9.866901134859082
918,-3.854379576333223,-6.264838991586767,-9.623340924187026,26.175252743630377
919,19.40911154156873,-14.098686762484213,20.18469797980334,-22.07865556835722
920,-5.952060318318064,23.018318062664584,-34.64631717828407,18.02423264367878
921,-1.777001710782877,8.676654400477538,6.283551860257427,-4.639492075436841
922,16.382622255716296,-35.815258163088366,-17.851691786013117,22.09294275362838
923,19.81208164405721,7.974295406864987,-19.555233062571293,21.853474842169547
924,-0.4803889090154948,8.875152994324994,6.503688456399045,-5.965410042688618
925,-3.6488051617424504,7.704728043477024,10.038339175508504,-22.944327439660828
926,-0.6308324287306802,0.01076514923998434,1.9919281103014506,-0.2744116423921404
927,-4.693905383023216,-6.809349472744969,-4.8951343949811355,54.29039511631422
928,-27.065506591065656,17.96195271729372,-44.72132618408514,16.95815863636676
929,18.06214712132962,13.519709297473895,-26.43970463128039,25.688037798928246
930,16.00421369702075,6.676589304850147,-37.87624901760836,15.835484240754944
931,-10.321749554216888,8.76231296961614,6.512782419033802,-31.2432313383232
932,14.01115874109182,9.967118918630208,-29.61442590819439,22.893040518871345
933,-1.3107797761282614,-0.4426360264519744,1.0949317070189246,4.535657474286264
934,11.10478826606625,9.319718015121817,-15.776868684038666,25.148262438678962
935,12.964461353405532,2.2767390410276844,8.9741834215351,-20.820073782465027
936,4.8563139561545094,-4.959362348064224,3.8997016406748064,-5.615017735441704
937,-10.504388611319504,-14.848866868452857,-8.817893242479483,41.3006393929503
938,2.005186527768349,-0.9317494765844233,2.9751024215964246,-3.0708601468640566
939,5.372160845131215,6.8547372349295275,14.105434417277273,-22.05440633437972
940,9.692413615666814,3.8547048833085715,-13.28697728852586,14.172704554416846
941,-2.16062341680244,12.741911959757076,8.846554354475035,-25.66934760843328
942,9.12633459938056,2.9192741783286458,8.777513775827337,-6.391123837463016
943,16.461623020538088,-6.2833449160663095,11.938755531214893,-23.004027579247847
944,11.78940528717326,-2.081374527543675,-45.06869510114314,15.763134358322107
945,16.77753146543982,3.8173961069933986,14.312988677258593,-19.364865178775528
946,6.9090438765392825,-0.13717951091655975,16.8545929931312,-22.98344941892861
947,3.4722318237033933,16.075270092889504,-26.564483873769777,22.62723725034427
948,10.463233608623343,10.365313738264492,-24.40268466167732,22.44510457393121
949,7.729811987719221,4.0878846254380745,13.895505253020046,-6.966715348894499
950,-5.509381067229782,9.083499102769656,-22.16779204934979,8.141252740321333
951,3.7742685581533784,4.2393698717731825,-11.17189308419889,7.285261349680256
952,-1.369742822023702,-14.02533754048894,18.108433034582525,-9.549543168997367
953,2.9076191027822444,-5.640655461616857,-9.48687217436256,8.423144110799424
954,9.673290672021135,-4.829311959663542,-14.858540685317058,22.860540935496957
955,6.397599261246406,-2.36782528418653,-2.262021993187656,4.991130058358136
956,12.135751295201402,4.995378120757684,-29.13666235431445,17.039227301311268
957,-1.7729325067928083,12.429965059404642,10.77809726990698,-7.993830957995081
958,23.121539431093023,-2.1916205114382055,-26.071395805876264,31.575986416739088
959,0.5821151857607533,6.3558736799374635,9.063046215210719,-7.160457827429929
960,12.498147410849887,-31.147117741320706,-21.591723814973186,34.421794806437795
961,-11.974800312472345,12.386060946892918,-28.691566850173096,0.8335145095669714
962,12.471402104742191,-8.568309817991809,-28.425943808436944,17.57046994703266
963,-15.375709038510399,-25.46832097637446,-26.878781696349233,31.80917738320783
964,12.470223360555481,7.841733484368264,10.604366532296163,-13.688090764343558
965,-3.8205269667764075,9.14524113019415,6.295228344199038,-7.51989414180493
966,13.162441365516667,-12.030589195909087,-16.02912971240441,18.14265544528657
967,11.987408202634633,5.431940999187348,16.792152052404862,-12.195812673640988
968,-20.668083746966552,14.882796411032231,-39.309750064604565,19.20165117784474
969,7.24581100006076,-12.376061517562402,-20.526623155136164,12.782838973220148
970,14.84099065911448,4.294892781008148,17.995413740100645,-11.417234448221517
971,19.395651795633864,-0.8200549371515609,19.797974891107824,-20.461034112091124
972,16.09982308613879,-0.5957742777130121,12.62895270386456,-19.499579460861277
973,4.244294729808512,-4.819722352627143,7.38504392557393,-6.352086920633412
974,30.721968023673668,-5.556503516109911,-29.127416000492484,30.55118511313028
975,-1.9385948257727148,7.4002632568835205,10.296032771573046,-25.0212152063586
976,12.296879589387208,16.782092643337442,-22.209151200872252,18.06742620577145
977,-15.509353356834783,-8.245866248461166,-12.628123672113158,42.66655628063775
978,-6.227956720025857,-1.4498446501208067,1.4633555543471048,-0.06266955902921262
979,2.910520774136266,-0.13792756953935315,1.8887694457539732,-2.6883859118139504
980,-13.029405399086459,9.254543227498822,10.74221691896492,-17.828682555697156
981,10.532212460662944,9.042582362334674,-16.995454677688613,22.178197168238466
982,15.07662643049088,13.319994956710982,-25.706527110817813,29.227853897187348
983,10.681956991051438,-2.5421621583988494,-12.972203304687266,9.586673958517391
984,-9.153960592191531,13.297470386811181,8.968566254300798,-28.449428061662495
985,8.208415872869129,17.614594687192785,-13.981490604085483,20.449828290784843
986,21.079887749353727,-1.4624290623650733,11.73747477542164,-22.65835313579045
987,11.2814244622847,-7.797358901222367,-16.13041467338421,28.825970086002712
988,-0.7870388776465106,-2.3784318622121265,10.35543195614855,-18.794188731916964
989,-6.394378831133256,2.8255244169252056,15.108433959369993,-19.718781132819704
990,-3.404256971769462,9.81577437554432,-28.247524324251295,10.397980097010128
991,-23.738538542978464,13.251002904963638,-30.067995592283744,28.384927569828747
992,31.031494091521317,-9.183699852452444,-32.2542460859105,28.936928859114733
993,-15.342813387094118,3.9341589215062847,-28.945266329797807,5.582164649748108
994,2.911502998560576,-20.240067491102597,-13.712329973589837,34.15561458412939
995,-22.204982341866554,3.3241792705505606,-23.683414284034008,16.453692463845012
996,-8.066468333530173,-0.557150366417819,17.037481158993558,-9.53365165706866
997,-22.41585334902387,6.911746525866269,-26.439835961664574,16.983804129182843
998,-9.884193829619132,14.632186666465847,10.966977750312237,-16.653741428053305
999,9.920206270162076,22.69233069771332,-17.45394798098424,29.52134873069372
1000,-3.3007427744183686,4.279014507765071,7.299649826587621,-2.9705034896596603
